S088_001_00000016.png,0
S109_006_00000001.png,0
S133_003_00000002.png,0
S506_006_00000003.png,0
S022_006_00000002.png,0
S071_004_00000027.png,1
S069_004_00000017.png,5
S105_008_00000008.png,3
S063_002_00000021.png,5
S026_003_00000001.png,0
S116_001_00000003.png,0
S133_003_00000003.png,0
S075_005_00000003.png,0
S070_003_00000016.png,5
S080_008_00000009.png,3
S068_002_00000003.png,0
S138_007_00000009.png,6
S096_001_00000001.png,0
S116_006_00000007.png,3
S044_006_00000001.png,0
S125_006_00000020.png,4
S056_002_00000010.png,3
S057_003_00000003.png,0
S127_010_00000016.png,1
S062_001_00000016.png,4
S096_004_00000003.png,0
S075_005_00000010.png,3
S050_004_00000020.png,1
S147_002_00000012.png,2
S060_003_00000001.png,0
S135_001_00000038.png,7
S107_001_00000009.png,7
S061_002_00000015.png,5
S050_004_00000003.png,0
S042_001_00000019.png,7
S011_002_00000002.png,0
S114_006_00000003.png,0
S014_005_00000015.png,5
S080_001_00000016.png,7
S160_006_00000002.png,0
S157_002_00000001.png,0
S127_004_00000015.png,5
S044_003_00000002.png,0
S062_004_00000002.png,0
S069_004_00000002.png,0
S057_001_00000002.png,0
S090_007_00000002.png,0
S114_001_00000017.png,7
S101_002_00000018.png,7
S149_002_00000001.png,0
S117_003_00000001.png,0
S503_002_00000006.png,2
S132_002_00000001.png,0
S138_004_00000003.png,0
S505_006_00000002.png,0
S136_001_00000002.png,0
S099_004_00000015.png,5
S061_001_00000010.png,7
S138_001_00000003.png,0
S075_006_00000023.png,5
S117_003_00000002.png,0
S137_011_00000003.png,0
S124_003_00000001.png,0
S108_008_00000002.png,0
S022_005_00000003.png,0
S999_003_00000055.png,4
S081_001_00000002.png,0
S081_002_00000023.png,6
S055_003_00000009.png,3
S037_006_00000019.png,5
S065_002_00000020.png,4
S085_002_00000014.png,5
S005_001_00000001.png,0
S077_001_00000002.png,0
S062_005_00000027.png,3
S156_002_00000003.png,0
S095_007_00000003.png,0
S130_001_00000003.png,0
S081_002_00000024.png,6
S112_005_00000003.png,0
S063_002_00000001.png,0
S014_005_00000002.png,0
S090_006_00000011.png,3
S075_006_00000024.png,5
S074_001_00000003.png,0
S999_001_00000001.png,0
S085_002_00000013.png,5
S055_006_00000006.png,4
S147_002_00000003.png,0
S136_001_00000017.png,7
S088_001_00000017.png,7
S111_007_00000013.png,3
S032_003_00000015.png,1
S011_005_00000003.png,0
S158_002_00000003.png,0
S087_005_00000010.png,5
S109_006_00000014.png,5
S122_001_00000011.png,7
S138_001_00000012.png,4
S134_003_00000011.png,1
S070_002_00000001.png,0
S081_008_00000003.png,0
S102_009_00000014.png,3
S067_002_00000014.png,7
S087_001_00000003.png,0
S072_006_00000003.png,0
S124_007_00000022.png,5
S128_004_00000011.png,3
S125_005_00000002.png,0
S095_010_00000013.png,6
S067_002_00000001.png,0
S060_002_00000001.png,0
S086_001_00000003.png,0
S089_002_00000001.png,0
S113_001_00000010.png,7
S128_004_00000002.png,0
S085_004_00000017.png,3
S044_001_00000022.png,7
S092_003_00000014.png,1
S066_002_00000020.png,7
S042_001_00000001.png,0
S502_001_00000001.png,0
S138_008_00000007.png,2
S506_004_00000003.png,0
S046_001_00000001.png,0
S100_005_00000002.png,0
S071_006_00000014.png,3
S108_006_00000019.png,3
S026_002_00000016.png,6
S035_005_00000018.png,3
S071_004_00000002.png,0
S046_003_00000016.png,4
S026_003_00000002.png,0
S505_002_00000003.png,0
S100_005_00000023.png,1
S138_005_00000001.png,0
S078_004_00000025.png,5
S042_004_00000003.png,0
S065_003_00000001.png,0
S056_002_00000003.png,0
S074_005_00000001.png,0
S129_011_00000001.png,0
S133_009_00000002.png,0
S119_008_00000018.png,1
S139_002_00000011.png,2
S130_001_00000017.png,7
S044_001_00000023.png,7
S035_006_00000002.png,0
S032_003_00000001.png,0
S071_005_00000002.png,0
S069_003_00000002.png,0
S095_007_00000019.png,5
S011_003_00000013.png,4
S022_006_00000015.png,3
S010_006_00000001.png,0
S084_002_00000022.png,4
S129_002_00000009.png,7
S099_001_00000002.png,0
S076_001_00000017.png,7
S071_005_00000020.png,5
S052_006_00000003.png,0
S057_006_00000033.png,5
S099_004_00000001.png,0
S046_002_00000003.png,0
S129_002_00000011.png,7
S026_006_00000003.png,0
S044_003_00000003.png,0
S053_001_00000022.png,7
S071_006_00000012.png,3
S053_004_00000002.png,0
S082_001_00000003.png,0
S042_001_00000002.png,0
S074_001_00000020.png,4
S099_004_00000014.png,5
S097_004_00000029.png,3
S087_007_00000001.png,0
S124_001_00000003.png,0
S070_003_00000002.png,0
S108_008_00000001.png,0
S011_001_00000014.png,7
S074_001_00000001.png,0
S148_002_00000003.png,0
S128_011_00000014.png,5
S045_005_00000030.png,1
S131_001_00000016.png,7
S092_001_00000001.png,0
S100_005_00000021.png,1
S125_001_00000003.png,0
S137_001_00000001.png,0
S093_004_00000001.png,0
S130_001_00000018.png,7
S080_005_00000013.png,6
S055_005_00000001.png,0
S096_004_00000002.png,0
S136_005_00000009.png,1
S095_006_00000002.png,0
S075_002_00000003.png,0
S026_003_00000003.png,0
S098_003_00000003.png,0
S010_002_00000002.png,0
S505_006_00000017.png,6
S124_006_00000010.png,3
S106_006_00000003.png,0
S058_006_00000018.png,3
S090_007_00000012.png,1
S055_004_00000028.png,1
S076_001_00000016.png,7
S147_002_00000013.png,2
S035_001_00000003.png,0
S094_004_00000001.png,0
S046_003_00000003.png,0
S074_002_00000015.png,7
S124_001_00000001.png,0
S097_001_00000001.png,0
S068_004_00000003.png,0
S078_001_00000031.png,7
S137_005_00000003.png,0
S050_001_00000002.png,0
S032_001_00000003.png,0
S062_005_00000001.png,0
S138_001_00000001.png,0
S079_001_00000012.png,7
S132_006_00000021.png,5
S136_005_00000001.png,0
S132_006_00000022.png,5
S086_002_00000001.png,0
S071_005_00000021.png,5
S154_002_00000011.png,2
S105_008_00000001.png,0
S139_002_00000013.png,2
S505_002_00000020.png,2
S026_003_00000013.png,1
S107_001_00000001.png,0
S042_002_00000015.png,6
S086_001_00000017.png,7
S067_006_00000001.png,0
S107_005_00000010.png,3
S999_003_00000003.png,0
S035_005_00000003.png,0
S093_004_00000014.png,5
S501_006_00000002.png,0
S100_005_00000022.png,1
S011_001_00000002.png,0
S034_001_00000003.png,0
S090_002_00000010.png,7
S022_001_00000001.png,0
S088_001_00000003.png,0
S501_001_00000001.png,0
S037_003_00000001.png,0
S088_001_00000015.png,7
S107_005_00000003.png,0
S131_006_00000003.png,0
S064_001_00000002.png,0
S032_006_00000001.png,0
S154_002_00000013.png,2
S129_011_00000003.png,0
S125_005_00000003.png,0
S124_003_00000010.png,4
S133_010_00000014.png,5
S061_001_00000003.png,0
S110_001_00000003.png,0
S034_003_00000027.png,1
S074_005_00000002.png,0
S111_007_00000012.png,3
S119_008_00000016.png,1
S026_006_00000013.png,5
S067_006_00000011.png,3
S037_003_00000020.png,1
S062_001_00000002.png,0
S125_006_00000001.png,0
S506_001_00000040.png,1
S504_006_00000003.png,0
S034_003_00000025.png,1
S067_006_00000003.png,0
S087_005_00000011.png,5
S136_006_00000001.png,0
S099_007_00000012.png,3
S058_006_00000001.png,0
S092_001_00000016.png,7
S117_006_00000001.png,0
S133_009_00000001.png,0
S075_008_00000002.png,0
S061_002_00000003.png,0
S058_006_00000017.png,3
S074_004_00000003.png,0
S050_001_00000017.png,4
S011_006_00000003.png,0
S128_004_00000003.png,0
S502_002_00000009.png,2
S087_004_00000012.png,3
S137_001_00000013.png,7
S035_005_00000001.png,0
S029_001_00000003.png,0
S059_002_00000016.png,4
S131_010_00000016.png,3
S089_003_00000034.png,1
S068_004_00000002.png,0
S895_002_00000005.png,2
S999_001_00000018.png,1
S504_001_00000020.png,1
S108_005_00000002.png,0
S052_006_00000013.png,3
S053_001_00000001.png,0
S116_007_00000017.png,5
S054_003_00000007.png,7
S037_001_00000018.png,7
S131_010_00000001.png,0
S134_003_00000001.png,0
S062_005_00000003.png,0
S502_004_00000003.png,0
S066_002_00000003.png,0
S093_004_00000015.png,5
S501_004_00000056.png,4
S504_004_00000003.png,0
S011_003_00000002.png,0
S011_006_00000012.png,5
S085_004_00000003.png,0
S099_001_00000012.png,7